{
  "run_id": "20251104-204829",
  "best_epoch": 15,
  "checkpoint_score": 0.6742495149374008,
  "training_seconds": 43.98607466398971,
  "train": {
    "loss": 0.07735809438758426,
    "classification_accuracy": 1.0,
    "classification_f1": 1.0,
    "attribute_accuracy": 1.0,
    "attribute_f1": 0.8500000238418579,
    "retrieval_loss": 0.5908557453420427,
    "retrieval_mrr": 0.8043703926934136,
    "retrieval_recall_at_k": {}
  },
  "val": {
    "loss": 2.8600499280293783,
    "classification_accuracy": 0.9333333373069763,
    "classification_f1": 0.9332591891288757,
    "attribute_accuracy": 0.8933333158493042,
    "attribute_f1": 0.4152398407459259,
    "retrieval_loss": 2.6669028759002686,
    "retrieval_mrr": 0.3657745869954427,
    "retrieval_recall_at_k": {}
  }
}