{
  "run_id": "20251104-220122",
  "best_epoch": 23,
  "checkpoint_score": 0.8721024394035339,
  "training_seconds": 266.89106407400686,
  "train": {
    "loss": 0.05533185061337291,
    "classification_accuracy": 1.0,
    "classification_f1": 1.0,
    "attribute_accuracy": 0.9977807998657227,
    "attribute_f1": 0.9862176179885864,
    "retrieval_loss": 0.1192561807155897,
    "retrieval_mrr": 0.9782960967741151,
    "retrieval_recall_at_k": {}
  },
  "val": {
    "loss": 2.570343498252803,
    "classification_accuracy": 0.9825072884559631,
    "classification_f1": 0.9758937358856201,
    "attribute_accuracy": 0.9514091610908508,
    "attribute_f1": 0.7683111429214478,
    "retrieval_loss": 2.7737382994448825,
    "retrieval_mrr": 0.4233699495984699,
    "retrieval_recall_at_k": {}
  }
}