{
  "run_id": "20251104-210903",
  "best_epoch": 25,
  "checkpoint_score": 0.6606985330581665,
  "training_seconds": 31.858030362986028,
  "train": {
    "loss": 0.07179703147461017,
    "classification_accuracy": 1.0,
    "classification_f1": 1.0,
    "attribute_accuracy": 1.0,
    "attribute_f1": 0.8500000238418579,
    "retrieval_loss": 0.5910443586134352,
    "retrieval_mrr": 0.7941111289130317,
    "retrieval_recall_at_k": {}
  },
  "val": {
    "loss": 3.9265485127766926,
    "classification_accuracy": 0.9200000166893005,
    "classification_f1": 0.9189074039459229,
    "attribute_accuracy": 0.893666684627533,
    "attribute_f1": 0.40248966217041016,
    "retrieval_loss": 2.642183402379354,
    "retrieval_mrr": 0.3540705172220866,
    "retrieval_recall_at_k": {}
  }
}