{
  "run_id": "20251104-204211",
  "best_epoch": 21,
  "checkpoint_score": 0.6943942010402679,
  "training_seconds": 31.201130439992994,
  "train": {
    "loss": 0.07750408497949442,
    "classification_accuracy": 1.0,
    "classification_f1": 1.0,
    "attribute_accuracy": 1.0,
    "attribute_f1": 0.8500000238418579,
    "retrieval_loss": 0.5922296911311181,
    "retrieval_mrr": 0.7941111289130317,
    "retrieval_recall_at_k": {}
  },
  "val": {
    "loss": 2.974232088724772,
    "classification_accuracy": 0.95333331823349,
    "classification_f1": 0.9533184766769409,
    "attribute_accuracy": 0.9016666412353516,
    "attribute_f1": 0.43546992540359497,
    "retrieval_loss": 2.5078920237223308,
    "retrieval_mrr": 0.35892459869384763,
    "retrieval_recall_at_k": {}
  }
}