{
  "run_id": "20251104-204602",
  "best_epoch": 16,
  "checkpoint_score": 0.6777648478746414,
  "training_seconds": 26.354245020018425,
  "train": {
    "loss": 0.08407116996745269,
    "classification_accuracy": 1.0,
    "classification_f1": 1.0,
    "attribute_accuracy": 1.0,
    "attribute_f1": 0.8500000238418579,
    "retrieval_loss": 0.5912711288870519,
    "retrieval_mrr": 0.7941111289130317,
    "retrieval_recall_at_k": {}
  },
  "val": {
    "loss": 5.367780685424805,
    "classification_accuracy": 0.9066666960716248,
    "classification_f1": 0.9062787294387817,
    "attribute_accuracy": 0.9013333320617676,
    "attribute_f1": 0.4492509663105011,
    "retrieval_loss": 2.60162566502889,
    "retrieval_mrr": 0.36252310434977214,
    "retrieval_recall_at_k": {}
  }
}