{
  "run_id": "20251104-221606",
  "best_epoch": 25,
  "checkpoint_score": 0.8294727504253387,
  "training_seconds": 89.4129236600129,
  "train": {
    "loss": 0.01135998780519706,
    "classification_accuracy": 1.0,
    "classification_f1": 1.0,
    "attribute_accuracy": 1.0,
    "attribute_f1": 1.0,
    "retrieval_loss": 0.07361025166144405,
    "retrieval_mrr": 0.9889291473056959,
    "retrieval_recall_at_k": {}
  },
  "val": {
    "loss": 1.8010551685175928,
    "classification_accuracy": 0.9465500712394714,
    "classification_f1": 0.9267917275428772,
    "attribute_accuracy": 0.9489796161651611,
    "attribute_f1": 0.7321537733078003,
    "retrieval_loss": 2.7884040291269967,
    "retrieval_mrr": 0.4214830623307891,
    "retrieval_recall_at_k": {}
  }
}