{
  "run_id": "20251104-204501",
  "best_epoch": 16,
  "checkpoint_score": 0.6750239133834839,
  "training_seconds": 27.915892845019698,
  "train": {
    "loss": 0.09989061938391791,
    "classification_accuracy": 1.0,
    "classification_f1": 1.0,
    "attribute_accuracy": 1.0,
    "attribute_f1": 0.8500000238418579,
    "retrieval_loss": 0.6035897781213538,
    "retrieval_mrr": 0.7941111289130317,
    "retrieval_recall_at_k": {}
  },
  "val": {
    "loss": 2.6750379689534505,
    "classification_accuracy": 0.9333333373069763,
    "classification_f1": 0.9326066374778748,
    "attribute_accuracy": 0.8926666378974915,
    "attribute_f1": 0.417441189289093,
    "retrieval_loss": 2.4149264113108315,
    "retrieval_mrr": 0.3636163266499837,
    "retrieval_recall_at_k": {}
  }
}