{
  "run_id": "20251104-212325",
  "best_epoch": 23,
  "checkpoint_score": 0.7159672975540161,
  "training_seconds": 92.2449386639928,
  "train": {
    "loss": 0.4525106387668186,
    "classification_accuracy": 1.0,
    "classification_f1": 1.0,
    "attribute_accuracy": 0.9693333506584167,
    "attribute_f1": 0.7177367806434631,
    "retrieval_loss": 0.586200611117464,
    "retrieval_mrr": 0.8037777964274089,
    "retrieval_recall_at_k": {}
  },
  "val": {
    "loss": 3.76155335744222,
    "classification_accuracy": 1.0,
    "classification_f1": 1.0,
    "attribute_accuracy": 0.8796666860580444,
    "attribute_f1": 0.4319345951080322,
    "retrieval_loss": 2.3497884941101073,
    "retrieval_mrr": 0.37889885584513344,
    "retrieval_recall_at_k": {}
  }
}